[
  {
    "Id": "911863",
    "ThreadId": "395348",
    "Html": "\r\n<p>There is a lack of good wpf controls for direc3d rendering. Though SharpDX is growing side by side with DirectX itself.</p>\r\n",
    "PostedDate": "2012-09-12T14:55:51.557-07:00",
    "UserRole": null,
    "MarkedAsAnswerDate": null
  },
  {
    "Id": "912254",
    "ThreadId": "395348",
    "Html": "<p>It took me a lot of effort to port the terrain rendering from C++ to C# and it kind of impeded my learning and demotivated me!.. :/</p>\r\n<p>And, I didn't have much feedback so far!!<br />but hey thanks, that might give me the motivation to do some more work on it now! ;)<br />but it will be my own samples this time! (Porting complex sample was very unrewarding and tedious...)</p>\r\n<p>&nbsp;</p>\r\n<p>And also, despite my best effort, I couldn't:<br />&nbsp;- get rid of the flickering while resizing the DX Control<br />&nbsp;- use Direct2D with anything else than D3D10<br />&nbsp;- Can't remember now, but I had some D3D version frustration..<br /> maybe something like only D3D9 was only safe bet (sometimes I couldn't check properly whether the system supported 10 or 11) but only D3D10 has D2D support and only D3D11 had nice and easy downgrade of functionality, \"server rendering\"&nbsp;support (without graphics card) and a few other great functionality</p>\r\n<p>(Plus I had health and energy issue for a long while.. getting better now but...)</p>\r\n<p>I'm doing some DirectX experiment again just now!! But in C++ under Windows 8, much easier as all sample code just work out of the box!<br />And D3D11 + D2D work together and API is very nice&nbsp;</p>",
    "PostedDate": "2012-09-13T08:20:29.78-07:00",
    "UserRole": null,
    "MarkedAsAnswerDate": null
  },
  {
    "Id": "912380",
    "ThreadId": "395348",
    "Html": "\r\n<p>Have you seen WPF example with SharpDX?&nbsp;<a href=\"http://code.google.com/p/sharpdx/source/browse/#git%2FSamples%2FDirect3D10%2FWPFHost\">http://code.google.com/p/sharpdx/source/browse/#git%2FSamples%2FDirect3D10%2FWPFHost</a></p>\r\n",
    "PostedDate": "2012-09-13T13:25:17.343-07:00",
    "UserRole": null,
    "MarkedAsAnswerDate": null
  },
  {
    "Id": "912489",
    "ThreadId": "395348",
    "Html": "\r\n<p>Well, last I look it was 1 1/2 year ago... there was one, I used it at a starting point.</p>\r\n<p>The sample might have improved since then, dunno?!</p>\r\n<p>I might do some clean up and have a new look this weekend! ;)</p>\r\n",
    "PostedDate": "2012-09-13T21:42:26.463-07:00",
    "UserRole": null,
    "MarkedAsAnswerDate": null
  },
  {
    "Id": "912490",
    "ThreadId": "395348",
    "Html": "\r\n<p>Hey, just had a look! I recognized some of this code as mine! :P</p>\r\n<p>Original version was a bit hackish of Image class... (instead of an ImageSource subclass like I did!)</p>\r\n",
    "PostedDate": "2012-09-13T21:44:15.433-07:00",
    "UserRole": null,
    "MarkedAsAnswerDate": null
  },
  {
    "Id": "916240",
    "ThreadId": "395348",
    "Html": "<p>Found a <a href=\"http://www.codeproject.com/Articles/113991/Using-Direct2D-with-WPF\">Direct2D sample</a> with a nice workaround for the flickering ;-)<br />Maybe this is of some use.</p>",
    "PostedDate": "2012-09-23T03:00:15.703-07:00",
    "UserRole": null,
    "MarkedAsAnswerDate": null
  },
  {
    "Id": "916444",
    "ThreadId": "395348",
    "Html": "<p>Thanks Tibel, I'll take a look at it soon!!<br />Right now I'm in the middle of a Windows 8 &nbsp;home training! ;)</p>",
    "PostedDate": "2012-09-23T20:24:24.793-07:00",
    "UserRole": null,
    "MarkedAsAnswerDate": null
  },
  {
    "Id": "919352",
    "ThreadId": "395348",
    "Html": "<p>Well, do you think it makes sense to do on with this WPF/SharpDX way or is it better so switch to Win8 XAML? I am now on the way porting this project to SharpDX 2.3.0 since there are some issues such that it does not compile. But I am asking my self if it is not a waste of time - maybe just move on to Win8-XAML? I have tried it, but I have a problem with this Metro-Kind apps. I would like to have an application which still runs in a classic window - is it possible with the Win8-XAML way?&nbsp;</p>\r\n<p>Anyway, since I have time constraints and can't effort to experiment around but have to move on, I will port this project to SharpDX 2.3.0 and use it for the first. My app has to run soon, but this is just a demo, I can exchange the GUI later on anyway.&nbsp;</p>\r\n<p>Would appreciate any answer from you. P.</p>",
    "PostedDate": "2012-09-29T04:14:12.15-07:00",
    "UserRole": null,
    "MarkedAsAnswerDate": null
  },
  {
    "Id": "919384",
    "ThreadId": "395348",
    "Html": "<p>I think it's the path of least resistance to use DirectX in Windows in C++, it will be easily mix and match with a XAML (either in C# or C++ too) UI.</p>\r\n<p>C++/CX is slightly more difficult than C++ CLI to use (see below) but it's high performance interop. And you will probably find that keeping your C++ code as is and add a thing C#/XAML layer is not that difficult.</p>\r\n<p>C++/CX has some quirks though, be warned. All public (i.e. shared accross ABI) C++ class must be sealed (not deep hierarchy)(save for UIElements). Also can't have any public/protected native interfaces (directX interfaces) and a few other annoying thing like that.</p>\r\n<p>But overall it will be relatively easier than porting everything to C#.</p>",
    "PostedDate": "2012-09-29T07:19:02.443-07:00",
    "UserRole": null,
    "MarkedAsAnswerDate": null
  },
  {
    "Id": "919930",
    "ThreadId": "395348",
    "Html": "\r\n<p>Lloyd,<br>\r\nis it fine with you if I would release a new version of your Sharp.DX <br>\r\nproject (ported to SharpDX 2.3.0) for further usage? There are plans of <br>\r\nintegration of SharpDX into the HelixToolkit <br>\r\n(http://helixtoolkit.codeplex.com/) and the Sharp.DX project is a good <br>\r\nstaring point.<br>\r\n<br>\r\nregards<br>\r\nPrzem<br>\r\n<br>\r\n<br>\r\nOn 29.09.2012 16:19, lloyd wrote:<br>\r\n&gt; From: lloyd<br>\r\n&gt;<br>\r\n&gt; I think it's the path of least resistance to use DirectX in Windows in<br>\r\n&gt; C&#43;&#43;, it will be easily mix and match with a XAML (either in C# or C&#43;&#43;<br>\r\n&gt; too) UI.<br>\r\n&gt;<br>\r\n&gt; C&#43;&#43;/CX is slightly more difficult than C&#43;&#43; CLI to use (see below) but<br>\r\n&gt; it's high performance interop. And you will probably find that keeping<br>\r\n&gt; your C&#43;&#43; code as is and add a thing C#/XAML layer is not that difficult.<br>\r\n&gt;<br>\r\n&gt; C&#43;&#43;/CX has some quirks though, be warned. All public (i.e. shared<br>\r\n&gt; accross ABI) C&#43;&#43; class must be sealed (not deep hierarchy)(save for<br>\r\n&gt; UIElements). Also can't have any public/protected native interfaces<br>\r\n&gt; (directX interfaces) and a few other annoying thing like that.<br>\r\n&gt;<br>\r\n&gt; But overall it will be relatively easier than porting everything to C#.<br>\r\n&gt;</p>\r\n",
    "PostedDate": "2012-10-01T02:44:09.413-07:00",
    "UserRole": null,
    "MarkedAsAnswerDate": null
  },
  {
    "Id": "919933",
    "ThreadId": "395348",
    "Html": "<p>It is absolutely fine by me, go ahead!<br />And I'm glad someone appreciate my small contribution to DirectX and WPF! :)&nbsp;</p>\r\n<p>This Helixtoolkit looks nice, BTW! :)</p>",
    "PostedDate": "2012-10-01T03:00:19.88-07:00",
    "UserRole": null,
    "MarkedAsAnswerDate": null
  },
  {
    "Id": "920886",
    "ThreadId": "395348",
    "Html": "<p>Alright, there is a newer version which supports SharpDX 2.3.x at:&nbsp;<a href=\"http://sharpdxwpf.codeplex.com/\">http://sharpdxwpf.codeplex.com/</a></p>",
    "PostedDate": "2012-10-02T14:25:13.573-07:00",
    "UserRole": null,
    "MarkedAsAnswerDate": null
  }
]