[
  {
    "Id": "803947",
    "ThreadId": "346910",
    "Html": "\r\n<p>Have you tried composing WPF with XNA or anx.codeplex.com instead of using SharpDX directly?</p>\r\n",
    "PostedDate": "2012-03-01T12:13:25.343-08:00",
    "UserRole": null,
    "MarkedAsAnswerDate": null
  },
  {
    "Id": "804059",
    "ThreadId": "346910",
    "Html": "<p>Hi Josh!</p>\r\n<p>I'm interested in the desktop, as far as I know XNA won't work on the desktop.</p>\r\n<p>Beside SharpDX is the fastest binding!<br /><a href=\"http://code4k.blogspot.com.au/2011/11/direct3d11-multithreading-micro.html\">http://code4k.blogspot.com.au/2011/11/direct3d11-multithreading-micro.html</a></p>\r\n<p><a href=\"http://code4k.blogspot.com.au/2011/11/direct3d11-multithreading-micro.html\"></a>I did look at ANX!<br />In fact, while I'm working on a WP7 project right now, after that I plan to port some nice SL5 demo to WPF using ANX.</p>\r\n<p>ANX rely on SharpDX by the way! ;)&nbsp;</p>",
    "PostedDate": "2012-03-01T15:06:30.627-08:00",
    "UserRole": null,
    "MarkedAsAnswerDate": null
  },
  {
    "Id": "804063",
    "ThreadId": "346910",
    "Html": "<p>Thanks for your reply. After looking more at SharpDX, it does have a WpfHost sample showing how to render DX into a WPF surface, so I may just use that.</p>",
    "PostedDate": "2012-03-01T15:10:33.973-08:00",
    "UserRole": null,
    "MarkedAsAnswerDate": null
  }
]