{
  "WorkItem": {
    "AffectedComponent": {
      "Name": "",
      "DisplayName": ""
    },
    "ClosedComment": "",
    "ClosedDate": null,
    "CommentCount": 0,
    "Custom": null,
    "Description": "I got an _\"An exception of type 'System.AccessViolationException' occurred in SharpDX.Direct3D11.dll but was not handled in user code\"_ while running the sample __Week01D3D11Tutorials__.\r\n\r\nIt was raise on the \r\n_Device.ImmediateContext.InputAssembler.SetIndexBuffer(indicesBuffer, Format.R16_UInt, 0);_\r\n\r\nAny ideas?",
    "LastUpdatedDate": "2016-06-27T08:21:27.39-07:00",
    "PlannedForRelease": "",
    "ReleaseVisibleToPublic": false,
    "Priority": {
      "Name": "Unassigned",
      "Severity": 0,
      "Id": 0
    },
    "ProjectName": "directx4wpf",
    "ReportedDate": "2016-06-27T08:21:27.39-07:00",
    "Status": {
      "Name": "Proposed",
      "Id": 1
    },
    "ReasonClosed": {
      "Name": "Unassigned"
    },
    "Summary": "AccessViolationException on SetIndexBuffer",
    "Type": {
      "Name": "Unassigned",
      "Id": 5
    },
    "VoteCount": 1,
    "Id": 2
  },
  "FileAttachments": [],
  "Comments": []
}