<?xml version="1.0"?>
<doc>
    <assembly>
        <name>SharpDX.Error</name>
    </assembly>
    <members>
        <member name="T:SharpDX.ErrorManager">
            <summary>
            ErrorManager helper to get a description from a HRESULT/SharpDX.Result code.
            </summary>
        </member>
        <member name="M:SharpDX.ErrorManager.#ctor">
            <summary>
            No instance
            </summary>
        </member>
        <member name="M:SharpDX.ErrorManager.#cctor">
            <summary>
            Initialize Map
            </summary>
        </member>
        <member name="M:SharpDX.ErrorManager.Add(System.UInt32,System.String,System.String)">
            <summary>
            Add a message description for a particular code.
            </summary>
            <param name="code">the error code</param>
            <param name="codeString">string representation of the code</param>
            <param name="description">description of the error</param>
        </member>
        <member name="M:SharpDX.ErrorManager.GetErrorMessage(System.Int32)">
            <summary>
            Returns an error description.
            </summary>
            <param name="code">An error code</param>
            <returns>a description</returns>
        </member>
        <member name="T:SharpDX.ErrorManager.ErrorDescription">
            <summary>
            Error description holder
            </summary>
        </member>
    </members>
</doc>
